Customer_ID,First_Name,Last_Name,Email,City,Country
CID425,Finn,O,finn.oconnell@example.com,Dublin,Ireland
CID955,Lila,Ross,lila.ross@example.com,Melbourne,Australia
CID975,Jasmine,Fernandez,jasmine.fernandez@example.com,Madrid,Spain
CID140,Tom,Harris,tom.harris@example.com,San Francisco,USA
CID103,Evelyn,Chen,evelyn.chen@example.com,Toronto,Canada
CID727,Vance,Cooper,vance.cooper@example.com,Toronto,Canada
CID611,Amelia,Scott,amelia.scott@example.com,Portland,USA
CID856,Hugo,Wang,hugo.wang@example.com,Vancouver,Canada
CID170,Vivienne,Holt,vivienne.holt@example.com,Vancouver,Canada
CID643,Iris,Nielsen,iris.nielsen@example.com,Stockholm,Sweden
CID345,Vivian,Lam,vivian.lam@example.com,Kuala Lumpur,Malaysia
CID429,Jake,Miller,jake.miller@example.com,Miami,USA
CID902,Felix,Zhou,felix.zhou@example.com,Chengdu,China
CID405,Lara,Peters,lara.peters@example.com,London,UK
CID883,Jada,Peters,jada.peters@example.com,Philadelphia,USA
CID144,Alan,Parker,alan.parker@example.com,Manchester,UK
CID801,Adam,Lopez,adam.lopez@example.com,San Juan,Puerto Rico
CID087,Maya,Schultz,maya.schultz@example.com,Hamburg,Germany
CID289,Mia,Jensen,mia.jensen@example.com,Copenhagen,Denmark
CID112,Neil,Carter,neil.carter@example.com,Bristol,UK
CID295,Seth,Morgan,seth.morgan@example.com,Boston,USA
CID197,Xenia,Popova,xenia.popova@example.com,Kyiv,Ukraine
CID777,Zachary,Price,zachary.price@example.com,Sacramento,USA
CID357,Iris,Nielsen,iris.nielsen@example.com,Stockholm,Sweden
CID546,Jasmine,Fernandez,jasmine.fernandez@example.com,Madrid,Spain
CID342,Ryan,Cook,ryan.cook@example.com,San Antonio,USA
CID338,Nolan,Stone,nolan.stone@example.com,Brisbane,Australia
CID730,Zoe,Taylor,zoe.taylor@example.com,Houston,USA
CID864,Pavel,Kovalenko,pavel.kovalenko@example.com,Kyiv,Ukraine
CID561,Yara,Fares,yara.fares@example.com,Beirut,Lebanon
CID650,Paul,Hayes,paul.hayes@example.com,Tampa,USA
CID139,Sasha,Ivanov,sasha.ivanov@example.com,Moscow,Russia
CID677,Vicky,Patel,vicky.patel@example.com,Ahmedabad,India
CID940,Ulysses,Chow,ulysses.chow@example.com,Hong Kong,China
CID027,Alice,Brown,alice.brown@example.com,Bristol,UK
CID026,Zane,Harris,zane.harris@example.com,Perth,Australia
CID791,Neil,Carter,neil.carter@example.com,Bristol,UK
CID757,Derek,White,derek.white@example.com,Las Vegas,USA
CID695,Penelope,Jones,penelope.jones@example.com,Auckland,New Zealand
CID788,Kim,Lee,kim.lee@example.com,Busan,South Korea
CID188,Orla,Murphy,orla.murphy@example.com,Dublin,Ireland
CID264,Nia,Sharma,nia.sharma@example.com,Delhi,India
CID967,Brenda,Jones,brenda.jones@example.com,Dallas,USA
CID417,Xavier,Moore,xavier.moore@example.com,Denver,USA
CID137,Pia,Jensen,pia.jensen@example.com,Copenhagen,Denmark
CID736,Freya,Hansen,freya.hansen@example.com,Oslo,Norway
CID318,Raj,Verma,raj.verma@example.com,Delhi,India
CID710,Eliza,Sato,eliza.sato@example.com,Osaka,Japan
CID245,Ugo,Marchese,ugo.marchese@example.com,Venice,Italy
CID893,Viola,Chen,viola.chen@example.com,Singapore,Singapore
CID163,Milo,Jovanovic,milo.jovanovic@example.com,Belgrade,Serbia
CID531,Roger,Clark,roger.clark@example.com,Chicago,USA
CID138,Roger,Clark,roger.clark@example.com,Chicago,USA
CID792,Oana,Popa,oana.popa@example.com,Bucharest,Romania
CID697,Rachel,Lee,rachel.lee@example.com,Taipei,Taiwan
CID899,Carly,Diaz,carly.diaz@example.com,Santiago,Chile
CID518,Dawn,Smith,dawn.smith@example.com,Calgary,Canada
CID018,Rachel,Lee,rachel.lee@example.com,Taipei,Taiwan
CID465,Wade,Allen,wade.allen@example.com,Atlanta,USA
CID999,Hugo,Wang,hugo.wang@example.com,Vancouver,Canada
CID550,Nadia,Ali,nadia.ali@example.com,Dubai,UAE
CID091,Queenie,Sharma,queenie.sharma@example.com,Jaipur,India
CID099,April,Huang,april.huang@example.com,Shenzhen,China
CID205,Faye,Wallace,faye.wallace@example.com,Auckland,New Zealand
CID796,Tina,Ferreira,tina.ferreira@example.com,Lisbon,Portugal
CID522,Helen,Wang,helen.wang@example.com,Taipei,Taiwan
CID376,Eoin,Kelly,eoin.kelly@example.com,Dublin,Ireland
CID721,Pavel,Kovalenko,pavel.kovalenko@example.com,Kyiv,Ukraine
CID343,Sofia,Ricci,sofia.ricci@example.com,Milan,Italy
CID039,Mia,Jensen,mia.jensen@example.com,Copenhagen,Denmark
CID281,Eva,Muller,eva.muller@example.com,Berlin,Germany
CID789,Leon,Morris,leon.morris@example.com,Denver,USA
CID544,Hema,Rao,hema.rao@example.com,Mumbai,India
CID101,Cathy,White,cathy.white@example.com,Liverpool,UK
CID466,Yvonne,Jansen,yvonne.jansen@example.com,Brussels,Belgium
CID681,Brenda,Jones,brenda.jones@example.com,Dallas,USA
CID735,Elias,Mendes,elias.mendes@example.com,São Paulo,Brazil
CID782,Evelyn,Chen,evelyn.chen@example.com,Toronto,Canada
CID404,Kenji,Tanaka,kenji.tanaka@example.com,Tokyo,Japan
CID840,Rachel,Lee,rachel.lee@example.com,Taipei,Taiwan
CID898,Brandon,Taylor,brandon.taylor@example.com,Birmingham,UK
CID900,Derek,White,derek.white@example.com,Las Vegas,USA
CID177,Dale,Robinson,dale.robinson@example.com,Sydney,Australia
CID924,David,Ng,david.ng@example.com,Perth,Australia
CID829,Gabe,Scott,gabe.scott@example.com,New York,USA
CID110,Leon,Morris,leon.morris@example.com,Denver,USA
CID397,Diana,Wong,diana.wong@example.com,Singapore,Singapore
CID227,Conrad,Stone,conrad.stone@example.com,Melbourne,Australia
CID972,Gabe,Scott,gabe.scott@example.com,New York,USA
CID998,Giselle,Rizzo,giselle.rizzo@example.com,Rome,Italy
CID508,Rhea,Kumar,rhea.kumar@example.com,Hyderabad,India
CID576,Noah,Zimmermann,noah.zimmermann@example.com,Vienna,Austria
CID180,Gemma,Ross,gemma.ross@example.com,Edinburgh,UK
CID774,Vivian,Lam,vivian.lam@example.com,Kuala Lumpur,Malaysia
CID414,Ursula,Weber,ursula.weber@example.com,Zurich,Switzerland
CID335,Katelyn,Rivas,katelyn.rivas@example.com,Bogotá,Colombia
CID066,Owen,Bell,owen.bell@example.com,Glasgow,UK
CID714,Ines,Silva,ines.silva@example.com,Lisbon,Portugal
CID890,Raj,Verma,raj.verma@example.com,Delhi,India
CID160,Javier,Ramos,javier.ramos@example.com,Bogotá,Colombia
CID118,Ulysses,Chow,ulysses.chow@example.com,Hong Kong,China
CID150,Gabe,Scott,gabe.scott@example.com,New York,USA
CID959,Pia,Jensen,pia.jensen@example.com,Copenhagen,Denmark
CID106,Howard,Perez,howard.perez@example.com,Miami,USA
CID507,Paul,Hayes,paul.hayes@example.com,Tampa,USA
CID384,Mark,Wilson,mark.wilson@example.com,Sydney,Australia
CID973,Hema,Rao,hema.rao@example.com,Mumbai,India
CID427,Hugo,Wang,hugo.wang@example.com,Vancouver,Canada
CID279,Chloe,Davis,chloe.davis@example.com,New York,USA
CID459,Owen,Bell,owen.bell@example.com,Glasgow,UK
CID356,Howard,Perez,howard.perez@example.com,Miami,USA
CID587,Zoe,Taylor,zoe.taylor@example.com,Houston,USA
CID610,Zack,Nguyen,zack.nguyen@example.com,Ho Chi Minh City,Vietnam
CID280,Daniel,Garcia,daniel.garcia@example.com,Barcelona,Spain
CID802,Beth,Garcia,beth.garcia@example.com,Barcelona,Spain
CID056,Elias,Mendes,elias.mendes@example.com,São Paulo,Brazil
CID957,Nina,Gupta,nina.gupta@example.com,Bangalore,India
CID501,Jeremy,Fox,jeremy.fox@example.com,Phoenix,USA
CID1000,Ines,Silva,ines.silva@example.com,Lisbon,Portugal
CID311,Jada,Peters,jada.peters@example.com,Philadelphia,USA
CID079,Elena,Kuznetsova,elena.kuznetsova@example.com,Minsk,Belarus
CID304,Caleb,Fisher,caleb.fisher@example.com,Phoenix,USA
CID781,David,Ng,david.ng@example.com,Perth,Australia
CID897,Amelia,Scott,amelia.scott@example.com,Portland,USA
CID607,Viola,Chen,viola.chen@example.com,Singapore,Singapore
CID995,Devin,Patel,devin.patel@example.com,Ahmedabad,India
CID185,Luis,Ramos,luis.ramos@example.com,Miami,USA
CID768,Olivia,Fernandez,olivia.fernandez@example.com,Seville,Spain
CID257,Gabriel,Wong,gabriel.wong@example.com,Hong Kong,China
CID420,Alice,Brown,alice.brown@example.com,Bristol,UK
CID218,Theo,Schmidt,theo.schmidt@example.com,Berlin,Germany
CID237,Mani,Singh,mani.singh@example.com,Mumbai,India
CID131,Jana,Novak,jana.novak@example.com,Prague,Czechia
CID534,Vicky,Patel,vicky.patel@example.com,Ahmedabad,India
CID378,George,Brown,george.brown@example.com,Boston,USA
CID794,Rhea,Kumar,rhea.kumar@example.com,Hyderabad,India
CID313,Lena,Volkov,lena.volkov@example.com,Saint Petersburg,Russia
CID498,Gina,Sharma,gina.sharma@example.com,Chennai,India
CID548,Lara,Peters,lara.peters@example.com,London,UK
CID228,Denise,Scott,denise.scott@example.com,London,UK
CID617,Grace,Patel,grace.patel@example.com,Surat,India
CID572,Jake,Miller,jake.miller@example.com,Miami,USA
CID850,Ben,Garcia,ben.garcia@example.com,Dallas,USA
CID331,Grace,Patel,grace.patel@example.com,Surat,India
CID336,Liam,Morgan,liam.morgan@example.com,Charlotte,USA
CID624,Nolan,Stone,nolan.stone@example.com,Brisbane,Australia
CID945,Beth,Garcia,beth.garcia@example.com,Barcelona,Spain
CID986,Ursula,Weber,ursula.weber@example.com,Zurich,Switzerland
CID287,Kira,Nguyen,kira.nguyen@example.com,Ho Chi Minh City,Vietnam
CID111,Mona,Singh,mona.singh@example.com,Pune,India
CID881,Holly,Chen,holly.chen@example.com,Hong Kong,China
CID402,Igor,Smirnov,igor.smirnov@example.com,Moscow,Russia
CID950,George,Brown,george.brown@example.com,Boston,USA
CID871,Willa,Hart,willa.hart@example.com,Melbourne,Australia
CID848,Zane,Harris,zane.harris@example.com,Perth,Australia
CID235,Kian,Parsi,kian.parsi@example.com,Tehran,Iran
CID593,Freya,Hansen,freya.hansen@example.com,Oslo,Norway
CID629,Sofia,Ricci,sofia.ricci@example.com,Milan,Italy
CID580,Ruby,Chandra,ruby.chandra@example.com,Bangkok,Thailand
CID263,Marco,Rossi,marco.rossi@example.com,Rome,Italy
CID391,Vicky,Patel,vicky.patel@example.com,Ahmedabad,India
CID627,Queenie,Sharma,queenie.sharma@example.com,Jaipur,India
CID349,April,Huang,april.huang@example.com,Shenzhen,China
CID539,Cody,Rivas,cody.rivas@example.com,Lima,Peru
CID389,Sasha,Ivanov,sasha.ivanov@example.com,Moscow,Russia
CID648,Neil,Carter,neil.carter@example.com,Bristol,UK
CID369,Vera,Schmidt,vera.schmidt@example.com,Zurich,Switzerland
CID885,Lena,Volkov,lena.volkov@example.com,Saint Petersburg,Russia
CID187,Naveen,Rai,naveen.rai@example.com,Kathmandu,Nepal
CID649,Oana,Popa,oana.popa@example.com,Bucharest,Romania
CID632,Wesley,Grant,wesley.grant@example.com,Leeds,UK
CID168,Talia,Weller,talia.weller@example.com,Vienna,Austria
CID815,Oliver,King,oliver.king@example.com,London,UK
CID183,Julian,Kwon,julian.kwon@example.com,Seoul,South Korea
CID410,Quentin,Vance,quentin.vance@example.com,Chicago,USA
CID049,Willa,Hart,willa.hart@example.com,Melbourne,Australia
CID701,Victor,Cruz,victor.cruz@example.com,Manila,Philippines
CID353,Evelyn,Chen,evelyn.chen@example.com,Toronto,Canada
CID925,Evelyn,Chen,evelyn.chen@example.com,Toronto,Canada
CID272,Vivian,Chan,vivian.chan@example.com,Singapore,Singapore
CID434,Olive,Evans,olive.evans@example.com,Manchester,UK
CID460,Piper,Gomez,piper.gomez@example.com,Lima,Peru
CID316,Owen,Bell,owen.bell@example.com,Glasgow,UK
CID744,Nyla,Akhtar,nyla.akhtar@example.com,Dhaka,Bangladesh
CID711,Finn,O,finn.oconnell@example.com,Dublin,Ireland
CID164,Nora,Olsen,nora.olsen@example.com,Oslo,Norway
CID672,Oliver,King,oliver.king@example.com,London,UK
CID664,George,Brown,george.brown@example.com,Boston,USA
CID379,Helen,Wang,helen.wang@example.com,Taipei,Taiwan
CID095,Vivian,Lam,vivian.lam@example.com,Kuala Lumpur,Malaysia
CID551,Omar,Hassan,omar.hassan@example.com,Cairo,Egypt
CID367,Tina,Ferreira,tina.ferreira@example.com,Lisbon,Portugal
CID476,Isla,Davies,isla.davies@example.com,Liverpool,UK
CID630,Troy,Jackson,troy.jackson@example.com,Nashville,USA
CID867,Seth,Morgan,seth.morgan@example.com,Boston,USA
CID231,Gael,Moreau,gael.moreau@example.com,Montreal,Canada
CID978,Mike,Zhao,mike.zhao@example.com,Shanghai,China
CID492,April,Huang,april.huang@example.com,Shenzhen,China
CID431,Leo,Fisher,leo.fisher@example.com,Cape Town,South Africa
CID953,Jana,Novak,jana.novak@example.com,Prague,Czechia
CID662,Eoin,Kelly,eoin.kelly@example.com,Dublin,Ireland
CID504,Mona,Singh,mona.singh@example.com,Pune,India
CID003,Carlos,Reyes,carlos.reyes@example.com,Madrid,Spain
CID308,Grant,Lopez,grant.lopez@example.com,San Diego,USA
CID930,Jeremy,Fox,jeremy.fox@example.com,Phoenix,USA
CID803,Cesar,Martinez,cesar.martinez@example.com,Mexico City,Mexico
CID172,Yulian,Petrov,yulian.petrov@example.com,Sofia,Bulgaria
CID588,Aaron,Wright,aaron.wright@example.com,Edinburgh,UK
CID096,Wesley,Grant,wesley.grant@example.com,Leeds,UK
CID116,Scott,Davis,scott.davis@example.com,Seattle,USA
CID312,Kai,Suzuki,kai.suzuki@example.com,Kyoto,Japan
CID895,Yvonne,Jansen,yvonne.jansen@example.com,Brussels,Belgium
CID102,David,Ng,david.ng@example.com,Perth,Australia
CID775,Wesley,Grant,wesley.grant@example.com,Leeds,UK
CID444,Zoe,Taylor,zoe.taylor@example.com,Houston,USA
CID807,George,Brown,george.brown@example.com,Boston,USA
CID089,Olivia,Fernandez,olivia.fernandez@example.com,Seville,Spain
CID371,Yael,Cohen,yael.cohen@example.com,Tel Aviv,Israel
CID965,Zara,Cooper,zara.cooper@example.com,Auckland,New Zealand
CID549,Mike,Zhao,mike.zhao@example.com,Shanghai,China
CID642,Howard,Perez,howard.perez@example.com,Miami,USA
CID132,Kyle,Johnson,kyle.johnson@example.com,Portland,USA
CID215,Petra,Kovac,petra.kovac@example.com,Prague,Czechia
CID800,Yael,Cohen,yael.cohen@example.com,Tel Aviv,Israel
CID398,Eric,Lopez,eric.lopez@example.com,Miami,USA
CID819,Tom,Harris,tom.harris@example.com,San Francisco,USA
CID360,Leon,Morris,leon.morris@example.com,Denver,USA
CID790,Mona,Singh,mona.singh@example.com,Pune,India
CID589,Bella,Gonzales,bella.gonzales@example.com,Barcelona,Spain
CID528,Nina,Gupta,nina.gupta@example.com,Bangalore,India
CID401,Hema,Rao,hema.rao@example.com,Mumbai,India
CID083,Isla,Davies,isla.davies@example.com,Liverpool,UK
CID835,Mike,Zhao,mike.zhao@example.com,Shanghai,China
CID597,Jada,Peters,jada.peters@example.com,Philadelphia,USA
CID230,Flora,Rossi,flora.rossi@example.com,Florence,Italy
CID297,Uma,Singh,uma.singh@example.com,Kolkata,India
CID863,Olive,Evans,olive.evans@example.com,Manchester,UK
CID536,Zara,Cooper,zara.cooper@example.com,Auckland,New Zealand
CID361,Mona,Singh,mona.singh@example.com,Pune,India
CID713,Hugo,Wang,hugo.wang@example.com,Vancouver,Canada
CID214,Oscar,Rivera,oscar.rivera@example.com,San Juan,Puerto Rico
CID238,Nico,Schulz,nico.schulz@example.com,Hamburg,Germany
CID673,Pia,Jensen,pia.jensen@example.com,Copenhagen,Denmark
CID970,Eric,Lopez,eric.lopez@example.com,Miami,USA
CID527,Mark,Wilson,mark.wilson@example.com,Sydney,Australia
CID303,Bella,Gonzales,bella.gonzales@example.com,Barcelona,Spain
CID805,Eoin,Kelly,eoin.kelly@example.com,Dublin,Ireland
CID134,Mark,Wilson,mark.wilson@example.com,Sydney,Australia
CID370,Will,Evans,will.evans@example.com,Glasgow,UK
CID823,Alan,Parker,alan.parker@example.com,Manchester,UK
CID354,Frank,Russo,frank.russo@example.com,Naples,Italy
CID951,Helen,Wang,helen.wang@example.com,Taipei,Taiwan
CID278,Ben,Smith,ben.smith@example.com,London,UK
CID252,Bianca,Santos,bianca.santos@example.com,Rio de Janeiro,Brazil
CID241,Quentin,Fischer,quentin.fischer@example.com,Zurich,Switzerland
CID574,Leo,Fisher,leo.fisher@example.com,Cape Town,South Africa
CID407,Nadia,Ali,nadia.ali@example.com,Dubai,UAE
CID040,Noah,Zimmermann,noah.zimmermann@example.com,Vienna,Austria
CID122,Adam,Lopez,adam.lopez@example.com,San Juan,Puerto Rico
CID654,Ulysses,Chow,ulysses.chow@example.com,Hong Kong,China
CID028,Ben,Garcia,ben.garcia@example.com,Dallas,USA
CID601,Nyla,Akhtar,nyla.akhtar@example.com,Dhaka,Bangladesh
CID602,Owen,Bell,owen.bell@example.com,Glasgow,UK
CID533,Tom,Harris,tom.harris@example.com,San Francisco,USA
CID909,Maya,Schultz,maya.schultz@example.com,Hamburg,Germany
CID993,Ben,Garcia,ben.garcia@example.com,Dallas,USA
CID838,Penelope,Jones,penelope.jones@example.com,Auckland,New Zealand
CID716,Kira,Nguyen,kira.nguyen@example.com,Hanoi,Vietnam
CID078,Derek,White,derek.white@example.com,Las Vegas,USA
CID269,Sana,Ali,sana.ali@example.com,Karachi,Pakistan
CID752,Yvonne,Jansen,yvonne.jansen@example.com,Brussels,Belgium
CID403,Jasmine,Fernandez,jasmine.fernandez@example.com,Madrid,Spain
CID966,Alan,Parker,alan.parker@example.com,Manchester,UK
CID189,Pedro,Santos,pedro.santos@example.com,Porto,Portugal
CID142,Wayne,Lee,wayne.lee@example.com,Vancouver,Canada
CID827,Eric,Lopez,eric.lopez@example.com,Miami,USA
CID904,Henry,Baker,henry.baker@example.com,Baltimore,USA
CID220,Varya,Smirnova,varya.smirnova@example.com,Moscow,Russia
CID067,Piper,Gomez,piper.gomez@example.com,Lima,Peru
CID243,Saul,Mendez,saul.mendez@example.com,Mexico City,Mexico
CID330,Felix,Zhou,felix.zhou@example.com,Chengdu,China
CID098,Zachary,Price,zachary.price@example.com,Sacramento,USA
CID765,Liam,Morgan,liam.morgan@example.com,Charlotte,USA
CID660,Cesar,Martinez,cesar.martinez@example.com,Mexico City,Mexico
CID917,Vivian,Lam,vivian.lam@example.com,Kuala Lumpur,Malaysia
CID537,Alan,Parker,alan.parker@example.com,Manchester,UK
CID569,Giselle,Rizzo,giselle.rizzo@example.com,Rome,Italy
CID274,Xavier,Silva,xavier.silva@example.com,Lisbon,Portugal
CID891,Sara,Miller,sara.miller@example.com,Amsterdam,Netherlands
CID073,Yvonne,Jansen,yvonne.jansen@example.com,Brussels,Belgium
CID124,Cesar,Martinez,cesar.martinez@example.com,Mexico City,Mexico
CID579,Quinn,Harper,quinn.harper@example.com,San Francisco,USA
CID213,Naomi,Chang,naomi.chang@example.com,Shanghai,China
CID746,Piper,Gomez,piper.gomez@example.com,Lima,Peru
CID968,Cody,Rivas,cody.rivas@example.com,Lima,Peru
CID718,Mia,Jensen,mia.jensen@example.com,Copenhagen,Denmark
CID958,Oliver,King,oliver.king@example.com,London,UK
CID324,Zack,Nguyen,zack.nguyen@example.com,Ho Chi Minh City,Vietnam
CID760,Grace,Patel,grace.patel@example.com,Surat,India
CID399,Flora,Kim,flora.kim@example.com,Seoul,South Korea
CID288,Leo,Fisher,leo.fisher@example.com,Cape Town,South Africa
CID683,Diana,Wong,diana.wong@example.com,Singapore,Singapore
CID826,Diana,Wong,diana.wong@example.com,Singapore,Singapore
CID348,Zachary,Price,zachary.price@example.com,Sacramento,USA
CID784,Gina,Sharma,gina.sharma@example.com,Chennai,India
CID011,Kevin,Lopez,kevin.lopez@example.com,New York,USA
CID216,Rami,Fares,rami.fares@example.com,Amman,Jordan
CID025,Yara,Fares,yara.fares@example.com,Beirut,Lebanon
CID033,Giselle,Rizzo,giselle.rizzo@example.com,Rome,Italy
CID762,Isla,Davies,isla.davies@example.com,Liverpool,UK
CID888,Owen,Bell,owen.bell@example.com,Glasgow,UK
CID814,Nina,Gupta,nina.gupta@example.com,Bangalore,India
CID107,Iris,Nielsen,iris.nielsen@example.com,Stockholm,Sweden
CID582,Tess,Rossi,tess.rossi@example.com,Florence,Italy
CID276,Zane,Harper,zane.harper@example.com,Atlanta,USA
CID553,Quentin,Vance,quentin.vance@example.com,Chicago,USA
CID535,Wayne,Lee,wayne.lee@example.com,Vancouver,Canada
CID640,Frank,Russo,frank.russo@example.com,Naples,Italy
CID564,Ben,Garcia,ben.garcia@example.com,Dallas,USA
CID222,Ximena,Diaz,ximena.diaz@example.com,Santiago,Chile
CID171,Wes,Jenkins,wes.jenkins@example.com,Philadelphia,USA
CID516,Beth,Garcia,beth.garcia@example.com,Barcelona,Spain
CID299,Willa,Hart,willa.hart@example.com,Melbourne,Australia
CID748,Sara,Miller,sara.miller@example.com,Amsterdam,Netherlands
CID623,Maya,Schultz,maya.schultz@example.com,Hamburg,Germany
CID665,Helen,Wang,helen.wang@example.com,Taipei,Taiwan
CID920,Zachary,Price,zachary.price@example.com,Sacramento,USA
CID453,Ian,Walker,ian.walker@example.com,Adelaide,Australia
CID125,Dawn,Smith,dawn.smith@example.com,Calgary,Canada
CID021,Ursula,Weber,ursula.weber@example.com,Zurich,Switzerland
CID270,Tristan,King,tristan.king@example.com,Sacramento,USA
CID051,Zoe,Taylor,zoe.taylor@example.com,Houston,USA
CID585,Willa,Hart,willa.hart@example.com,Melbourne,Australia
CID830,Hema,Rao,hema.rao@example.com,Mumbai,India
CID766,Maya,Schultz,maya.schultz@example.com,Hamburg,Germany
CID861,Mia,Jensen,mia.jensen@example.com,Copenhagen,Denmark
CID315,Nyla,Akhtar,nyla.akhtar@example.com,Dhaka,Bangladesh
CID841,Samuel,Tanaka,samuel.tanaka@example.com,Tokyo,Japan
CID482,Olivia,Fernandez,olivia.fernandez@example.com,Seville,Spain
CID747,Raj,Verma,raj.verma@example.com,Delhi,India
CID547,Kenji,Tanaka,kenji.tanaka@example.com,Tokyo,Japan
CID117,Tina,Ferreira,tina.ferreira@example.com,Lisbon,Portugal
CID798,Vera,Schmidt,vera.schmidt@example.com,Zurich,Switzerland
CID004,Danielle,Smith,danielle.smith@example.com,London,UK
CID974,Igor,Smirnov,igor.smirnov@example.com,Moscow,Russia
CID698,Samuel,Tanaka,samuel.tanaka@example.com,Tokyo,Japan
CID641,Gina,Sharma,gina.sharma@example.com,Chennai,India
CID517,Cesar,Martinez,cesar.martinez@example.com,Mexico City,Mexico
CID754,Amelia,Scott,amelia.scott@example.com,Portland,USA
CID327,Carly,Diaz,carly.diaz@example.com,Santiago,Chile
CID490,Yasmin,Ahmed,yasmin.ahmed@example.com,Riyadh,Saudi Arabia
CID554,Rachel,Lee,rachel.lee@example.com,Taipei,Taiwan
CID382,Kyle,Johnson,kyle.johnson@example.com,Portland,USA
CID135,Nina,Gupta,nina.gupta@example.com,Bangalore,India
CID845,Wendy,Zhao,wendy.zhao@example.com,Shanghai,China
CID699,Tanya,Petrova,tanya.petrova@example.com,Moscow,Russia
CID012,Laura,Schmidt,laura.schmidt@example.com,Munich,Germany
CID186,Marta,Kovac,marta.kovac@example.com,Zagreb,Croatia
CID481,Nolan,Stone,nolan.stone@example.com,Brisbane,Australia
CID524,Jana,Novak,jana.novak@example.com,Prague,Czechia
CID350,Bernard,Jonas,bernard.jonas@example.com,Frankfurt,Germany
CID939,Tina,Ferreira,tina.ferreira@example.com,Lisbon,Portugal
CID057,Freya,Hansen,freya.hansen@example.com,Oslo,Norway
CID631,Vivian,Lam,vivian.lam@example.com,Kuala Lumpur,Malaysia
CID619,Isla,Davies,isla.davies@example.com,Liverpool,UK
CID126,Eoin,Kelly,eoin.kelly@example.com,Dublin,Ireland
CID922,Bernard,Jonas,bernard.jonas@example.com,Frankfurt,Germany
CID960,Roger,Clark,roger.clark@example.com,Chicago,USA
CID728,Willa,Hart,willa.hart@example.com,Melbourne,Australia
CID029,Chloe,Evans,chloe.evans@example.com,Cardiff,UK
CID375,Dawn,Smith,dawn.smith@example.com,Calgary,Canada
CID653,Tina,Ferreira,tina.ferreira@example.com,Lisbon,Portugal
CID832,Jasmine,Fernandez,jasmine.fernandez@example.com,Madrid,Spain
CID844,Victor,Cruz,victor.cruz@example.com,Manila,Philippines
CID741,Kai,Suzuki,kai.suzuki@example.com,Kyoto,Japan
CID769,Preston,Hall,preston.hall@example.com,Indianapolis,USA
CID671,Nina,Gupta,nina.gupta@example.com,Bangalore,India
CID337,Maya,Schultz,maya.schultz@example.com,Hamburg,Germany
CID259,Ivan,Vance,ivan.vance@example.com,Denver,USA
CID606,Tristan,King,tristan.king@example.com,Vancouver,Canada
CID595,Holly,Chen,holly.chen@example.com,Hong Kong,China
CID455,Kai,Suzuki,kai.suzuki@example.com,Kyoto,Japan
CID849,Alice,Brown,alice.brown@example.com,Bristol,UK
CID233,Ignacio,Vargas,ignacio.vargas@example.com,Lima,Peru
CID787,Jeremy,Fox,jeremy.fox@example.com,Phoenix,USA
CID248,Xyla,Gao,xyla.gao@example.com,Shanghai,China
CID906,Jacob,Moreau,jacob.moreau@example.com,Montreal,Canada
CID209,Jada,Johnson,jada.johnson@example.com,Philadelphia,USA
CID755,Brandon,Taylor,brandon.taylor@example.com,Birmingham,UK
CID254,Daria,Popa,daria.popa@example.com,Bucharest,Romania
CID525,Kyle,Johnson,kyle.johnson@example.com,Portland,USA
CID726,Uma,Singh,uma.singh@example.com,Kolkata,India
CID341,Queenie,Sharma,queenie.sharma@example.com,Jaipur,India
CID780,Cathy,White,cathy.white@example.com,Liverpool,UK
CID119,Vera,Schmidt,vera.schmidt@example.com,Zurich,Switzerland
CID618,Henry,Baker,henry.baker@example.com,Baltimore,USA
CID443,Yusuf,Khan,yusuf.khan@example.com,Karachi,Pakistan
CID365,Rhea,Kumar,rhea.kumar@example.com,Hyderabad,India
CID954,Kyle,Johnson,kyle.johnson@example.com,Portland,USA
CID319,Sara,Miller,sara.miller@example.com,Amsterdam,Netherlands
CID510,Tina,Ferreira,tina.ferreira@example.com,Lisbon,Portugal
CID045,Seth,Morgan,seth.morgan@example.com,Boston,USA
CID152,Blaise,Pascal,blaise.pascal@example.com,Marseille,France
CID377,Faye,Nguyen,faye.nguyen@example.com,Hanoi,Vietnam
CID668,Kyle,Johnson,kyle.johnson@example.com,Portland,USA
CID487,Troy,Jackson,troy.jackson@example.com,Nashville,USA
CID416,Wendy,Zhao,wendy.zhao@example.com,Shanghai,China
CID271,Umar,Rao,umar.rao@example.com,Mumbai,India
CID896,Zack,Nguyen,zack.nguyen@example.com,Ho Chi Minh City,Vietnam
CID620,Jacob,Moreau,jacob.moreau@example.com,Montreal,Canada
CID149,Flora,Kim,flora.kim@example.com,Seoul,South Korea
CID463,Tristan,King,tristan.king@example.com,Vancouver,Canada
CID043,Quinn,Harper,quinn.harper@example.com,San Francisco,USA
CID381,Jana,Novak,jana.novak@example.com,Prague,Czechia
CID678,Wayne,Lee,wayne.lee@example.com,Vancouver,Canada
CID065,Nyla,Akhtar,nyla.akhtar@example.com,Dhaka,Bangladesh
CID685,Flora,Kim,flora.kim@example.com,Seoul,South Korea
CID053,Bella,Gonzales,bella.gonzales@example.com,Barcelona,Spain
CID911,Olivia,Fernandez,olivia.fernandez@example.com,Seville,Spain
CID503,Leon,Morris,leon.morris@example.com,Denver,USA
CID834,Lara,Peters,lara.peters@example.com,London,UK
CID636,Bernard,Jonas,bernard.jonas@example.com,Frankfurt,Germany
CID451,Grant,Lopez,grant.lopez@example.com,San Diego,USA
CID300,Yusuf,Khan,yusuf.khan@example.com,Karachi,Pakistan
CID104,Frank,Russo,frank.russo@example.com,Naples,Italy
CID062,Kai,Suzuki,kai.suzuki@example.com,Kyoto,Japan
CID047,Uma,Singh,uma.singh@example.com,Kolkata,India
CID326,Brandon,Taylor,brandon.taylor@example.com,Birmingham,UK
CID918,Wesley,Grant,wesley.grant@example.com,Leeds,UK
CID679,Zara,Cooper,zara.cooper@example.com,Auckland,New Zealand
CID738,Holly,Chen,holly.chen@example.com,Hong Kong,China
CID592,Elias,Mendes,elias.mendes@example.com,São Paulo,Brazil
CID837,Omar,Hassan,omar.hassan@example.com,Cairo,Egypt
CID761,Henry,Baker,henry.baker@example.com,Baltimore,USA
CID293,Quinn,Harper,quinn.harper@example.com,San Francisco,USA
CID421,Ben,Garcia,ben.garcia@example.com,Dallas,USA
CID203,Devika,Menon,devika.menon@example.com,Chennai,India
CID396,Cody,Rivas,cody.rivas@example.com,Lima,Peru
CID717,Leo,Fisher,leo.fisher@example.com,Cape Town,South Africa
CID151,Astrid,Meyer,astrid.meyer@example.com,Zurich,Switzerland
CID088,Nolan,Stone,nolan.stone@example.com,Brisbane,Australia
CID941,Vera,Schmidt,vera.schmidt@example.com,Zurich,Switzerland
CID256,Freya,Jensen,freya.jensen@example.com,Copenhagen,Denmark
CID812,Lila,Ross,lila.ross@example.com,Melbourne,Australia
CID529,Oliver,King,oliver.king@example.com,London,UK
CID449,Elias,Mendes,elias.mendes@example.com,São Paulo,Brazil
CID753,Zack,Nguyen,zack.nguyen@example.com,Ho Chi Minh City,Vietnam
CID426,Giselle,Rizzo,giselle.rizzo@example.com,Rome,Italy
CID719,Noah,Zimmermann,noah.zimmermann@example.com,Vienna,Austria
CID014,Nadia,Kaur,nadia.kaur@example.com,Toronto,Canada
CID923,Cathy,White,cathy.white@example.com,Liverpool,UK
CID887,Nyla,Akhtar,nyla.akhtar@example.com,Dhaka,Bangladesh
CID442,Willa,Hart,willa.hart@example.com,Melbourne,Australia
CID328,Derek,White,derek.white@example.com,Las Vegas,USA
CID997,Finn,O,finn.oconnell@example.com,Dublin,Ireland
CID060,Ian,Walker,ian.walker@example.com,Adelaide,Australia
CID387,Pia,Jensen,pia.jensen@example.com,Copenhagen,Denmark
CID332,Henry,Baker,henry.baker@example.com,Baltimore,USA
CID843,Ursula,Weber,ursula.weber@example.com,Zurich,Switzerland
CID737,Grant,Lopez,grant.lopez@example.com,San Diego,USA
CID085,Katelyn,Rivas,katelyn.rivas@example.com,Bogotá,Colombia
CID069,Sara,Miller,sara.miller@example.com,Amsterdam,Netherlands
CID682,Cody,Rivas,cody.rivas@example.com,Lima,Peru
CID680,Alan,Parker,alan.parker@example.com,Manchester,UK
CID732,Bella,Gonzales,bella.gonzales@example.com,Barcelona,Spain
CID625,Olivia,Fernandez,olivia.fernandez@example.com,Seville,Spain
CID015,Omar,Hassan,omar.hassan@example.com,Cairo,Egypt
CID996,Eliza,Sato,eliza.sato@example.com,Osaka,Japan
CID055,Dina,Abbas,dina.abbas@example.com,Amman,Jordan
CID486,Sofia,Ricci,sofia.ricci@example.com,Milan,Italy
CID639,Evelyn,Chen,evelyn.chen@example.com,Toronto,Canada
CID700,Ursula,Weber,ursula.weber@example.com,Zurich,Switzerland
CID450,Freya,Hansen,freya.hansen@example.com,Oslo,Norway
CID430,Kira,Nguyen,kira.nguyen@example.com,Hanoi,Vietnam
CID879,Freya,Hansen,freya.hansen@example.com,Oslo,Norway
CID824,Brenda,Jones,brenda.jones@example.com,Dallas,USA
CID352,David,Ng,david.ng@example.com,Perth,Australia
CID992,Alice,Brown,alice.brown@example.com,Bristol,UK
CID919,Yasmin,Ahmed,yasmin.ahmed@example.com,Riyadh,Saudi Arabia
CID477,Jacob,Moreau,jacob.moreau@example.com,Montreal,Canada
CID530,Pia,Jensen,pia.jensen@example.com,Copenhagen,Denmark
CID285,Isla,Davies,isla.davies@example.com,Cardiff,UK
CID323,Yvonne,Jansen,yvonne.jansen@example.com,Brussels,Belgium
CID298,Vance,Cooper,vance.cooper@example.com,Toronto,Canada
CID613,Carly,Diaz,carly.diaz@example.com,Santiago,Chile
CID093,Sofia,Ricci,sofia.ricci@example.com,Milan,Italy
CID291,Olive,Evans,olive.evans@example.com,Bristol,UK
CID266,Pippa,Bell,pippa.bell@example.com,Glasgow,UK
CID358,Jeremy,Fox,jeremy.fox@example.com,Phoenix,USA
CID715,Jake,Miller,jake.miller@example.com,Miami,USA
CID991,Zane,Harris,zane.harris@example.com,Perth,Australia
CID452,Holly,Chen,holly.chen@example.com,Hong Kong,China
CID084,Jacob,Moreau,jacob.moreau@example.com,Montreal,Canada
CID165,Pierce,Alcott,pierce.alcott@example.com,Houston,USA
CID704,Yara,Fares,yara.fares@example.com,Beirut,Lebanon
CID433,Noah,Zimmermann,noah.zimmermann@example.com,Vienna,Austria
CID202,Cyrus,Nolan,cyrus.nolan@example.com,San Francisco,USA
CID494,Cathy,White,cathy.white@example.com,Liverpool,UK
CID545,Igor,Smirnov,igor.smirnov@example.com,Moscow,Russia
CID001,Alex,Chen,alex.chen@example.com,Seattle,USA
CID372,Adam,Lopez,adam.lopez@example.com,San Juan,Puerto Rico
CID929,Iris,Nielsen,iris.nielsen@example.com,Stockholm,Sweden
CID981,Penelope,Jones,penelope.jones@example.com,Auckland,New Zealand
CID852,Devin,Patel,devin.patel@example.com,Ahmedabad,India
CID499,Howard,Perez,howard.perez@example.com,Miami,USA
CID645,Kim,Lee,kim.lee@example.com,Busan,South Korea
CID181,Hugh,Dunn,hugh.dunn@example.com,Perth,Australia
CID094,Troy,Jackson,troy.jackson@example.com,Nashville,USA
CID017,Quentin,Vance,quentin.vance@example.com,Chicago,USA
CID811,Kyle,Johnson,kyle.johnson@example.com,Portland,USA
CID979,Nadia,Ali,nadia.ali@example.com,Dubai,UAE
CID439,Tess,Rossi,tess.rossi@example.com,Florence,Italy
CID495,David,Ng,david.ng@example.com,Perth,Australia
CID320,Tristan,King,tristan.king@example.com,Vancouver,Canada
CID743,Marcus,Reed,marcus.reed@example.com,Dallas,USA
CID571,Ines,Silva,ines.silva@example.com,Lisbon,Portugal
CID457,Marcus,Reed,marcus.reed@example.com,Dallas,USA
CID578,Pavel,Kovalenko,pavel.kovalenko@example.com,Kyiv,Ukraine
CID070,Tristan,King,tristan.king@example.com,Vancouver,Canada
CID250,Zena,Smith,zena.smith@example.com,Phoenix,USA
CID842,Tanya,Petrova,tanya.petrova@example.com,Moscow,Russia
CID720,Olive,Evans,olive.evans@example.com,Manchester,UK
CID153,Celia,Vega,celia.vega@example.com,Buenos Aires,Argentina
CID505,Neil,Carter,neil.carter@example.com,Bristol,UK
CID604,Raj,Verma,raj.verma@example.com,Delhi,India
CID581,Seth,Morgan,seth.morgan@example.com,Boston,USA
CID763,Jacob,Moreau,jacob.moreau@example.com,Montreal,Canada
CID916,Troy,Jackson,troy.jackson@example.com,Nashville,USA
CID258,Hana,Kim,hana.kim@example.com,Busan,South Korea
CID143,Zara,Cooper,zara.cooper@example.com,Auckland,New Zealand
CID246,Vera,Schmidt,vera.schmidt@example.com,Vienna,Austria
CID795,Scott,Davis,scott.davis@example.com,Seattle,USA
CID380,Ivan,Petrov,ivan.petrov@example.com,Sofia,Bulgaria
CID114,Paul,Hayes,paul.hayes@example.com,Tampa,USA
CID440,Uma,Singh,uma.singh@example.com,Kolkata,India
CID943,Yael,Cohen,yael.cohen@example.com,Tel Aviv,Israel
CID567,Eliza,Sato,eliza.sato@example.com,Osaka,Japan
CID570,Hugo,Wang,hugo.wang@example.com,Vancouver,Canada
CID063,Lena,Volkov,lena.volkov@example.com,Saint Petersburg,Russia
CID224,Zelda,King,zelda.king@example.com,Las Vegas,USA
CID448,Dina,Abbas,dina.abbas@example.com,Amman,Jordan
CID388,Roger,Clark,roger.clark@example.com,Chicago,USA
CID707,Ben,Garcia,ben.garcia@example.com,Dallas,USA
CID226,Briana,Lopez,briana.lopez@example.com,Dallas,USA
CID363,Oana,Popa,oana.popa@example.com,Bucharest,Romania
CID562,Zane,Harris,zane.harris@example.com,Perth,Australia
CID577,Olive,Evans,olive.evans@example.com,Manchester,UK
CID260,Jade,Patel,jade.patel@example.com,Surat,India
CID034,Hugo,Wang,hugo.wang@example.com,Vancouver,Canada
CID878,Elias,Mendes,elias.mendes@example.com,São Paulo,Brazil
CID946,Cesar,Martinez,cesar.martinez@example.com,Mexico City,Mexico
CID813,Mark,Wilson,mark.wilson@example.com,Sydney,Australia
CID322,Wade,Allen,wade.allen@example.com,Atlanta,USA
CID225,Adam,Chen,adam.chen@example.com,Vancouver,Canada
CID566,Devin,Patel,devin.patel@example.com,Ahmedabad,India
CID540,Diana,Wong,diana.wong@example.com,Singapore,Singapore
CID064,Marcus,Reed,marcus.reed@example.com,Dallas,USA
CID253,Caleb,Morgan,caleb.morgan@example.com,Chicago,USA
CID874,Aaron,Wright,aaron.wright@example.com,Edinburgh,UK
CID705,Zane,Harris,zane.harris@example.com,Perth,Australia
CID963,Vicky,Patel,vicky.patel@example.com,Ahmedabad,India
CID325,Amelia,Scott,amelia.scott@example.com,Portland,USA
CID872,Yusuf,Khan,yusuf.khan@example.com,Karachi,Pakistan
CID799,Will,Evans,will.evans@example.com,Glasgow,UK
CID670,Mark,Wilson,mark.wilson@example.com,Sydney,Australia
CID877,Dina,Abbas,dina.abbas@example.com,Amman,Jordan
CID242,Rina,Sato,rina.sato@example.com,Tokyo,Japan
CID212,Mike,Jensen,mike.jensen@example.com,Copenhagen,Denmark
CID810,Jana,Novak,jana.novak@example.com,Prague,Czechia
CID232,Hazel,Davis,hazel.davis@example.com,Seattle,USA
CID310,Ian,Walker,ian.walker@example.com,Adelaide,Australia
CID652,Scott,Davis,scott.davis@example.com,Seattle,USA
CID658,Adam,Lopez,adam.lopez@example.com,San Juan,Puerto Rico
CID036,Jake,Miller,jake.miller@example.com,Miami,USA
CID156,Frankie,Soto,frankie.soto@example.com,Los Angeles,USA
CID702,Wendy,Zhao,wendy.zhao@example.com,Shanghai,China
CID485,Ryan,Cook,ryan.cook@example.com,San Antonio,USA
CID690,Kenji,Tanaka,kenji.tanaka@example.com,Tokyo,Japan
CID825,Cody,Rivas,cody.rivas@example.com,Lima,Peru
CID687,Hema,Rao,hema.rao@example.com,Mumbai,India
CID077,Carly,Diaz,carly.diaz@example.com,Santiago,Chile
CID386,Oliver,King,oliver.king@example.com,London,UK
CID591,Dina,Abbas,dina.abbas@example.com,Amman,Jordan
CID127,Faye,Nguyen,faye.nguyen@example.com,Hanoi,Vietnam
CID656,Will,Evans,will.evans@example.com,Glasgow,UK
CID926,Frank,Russo,frank.russo@example.com,Naples,Italy
CID296,Tess,Rossi,tess.rossi@example.com,Florence,Italy
CID964,Wayne,Lee,wayne.lee@example.com,Vancouver,Canada
CID674,Roger,Clark,roger.clark@example.com,Chicago,USA
CID383,Lila,Ross,lila.ross@example.com,Melbourne,Australia
CID982,Quentin,Vance,quentin.vance@example.com,Chicago,USA
CID468,Amelia,Scott,amelia.scott@example.com,Portland,USA
CID123,Beth,Garcia,beth.garcia@example.com,Barcelona,Spain
CID080,Felix,Zhou,felix.zhou@example.com,Chengdu,China
CID031,Eliza,Sato,eliza.sato@example.com,Osaka,Japan
CID731,Aaron,Wright,aaron.wright@example.com,Edinburgh,UK
CID302,Aaron,Wright,aaron.wright@example.com,Edinburgh,UK
CID146,Cody,Rivas,cody.rivas@example.com,Lima,Peru
CID081,Grace,Patel,grace.patel@example.com,Surat,India
CID162,Lian,Fong,lian.fong@example.com,Kuala Lumpur,Malaysia
CID987,Victor,Cruz,victor.cruz@example.com,Manila,Philippines
CID646,Leon,Morris,leon.morris@example.com,Denver,USA
CID374,Cesar,Martinez,cesar.martinez@example.com,Mexico City,Mexico
CID962,Tom,Harris,tom.harris@example.com,San Francisco,USA
CID603,Piper,Gomez,piper.gomez@example.com,Lima,Peru
CID010,Jasmine,Ali,jasmine.ali@example.com,Dubai,UAE
CID651,Rhea,Kumar,rhea.kumar@example.com,Hyderabad,India
CID157,Greta,Thunberg,greta.thunberg@example.com,Stockholm,Sweden
CID470,Carly,Diaz,carly.diaz@example.com,Santiago,Chile
CID223,Yousef,Ali,yousef.ali@example.com,Riyadh,Saudi Arabia
CID599,Lena,Volkov,lena.volkov@example.com,Saint Petersburg,Russia
CID831,Igor,Smirnov,igor.smirnov@example.com,Moscow,Russia
CID584,Vance,Cooper,vance.cooper@example.com,Toronto,Canada
CID977,Lara,Peters,lara.peters@example.com,London,UK
CID756,Carly,Diaz,carly.diaz@example.com,Santiago,Chile
CID513,Will,Evans,will.evans@example.com,Glasgow,UK
CID560,Xavier,Moore,xavier.moore@example.com,Denver,USA
CID847,Yara,Fares,yara.fares@example.com,Beirut,Lebanon
CID559,Wendy,Zhao,wendy.zhao@example.com,Shanghai,China
CID657,Yael,Cohen,yael.cohen@example.com,Tel Aviv,Israel
CID105,Gina,Sharma,gina.sharma@example.com,Chennai,India
CID097,Yasmin,Ahmed,yasmin.ahmed@example.com,Riyadh,Saudi Arabia
CID076,Brandon,Taylor,brandon.taylor@example.com,Birmingham,UK
CID936,Paul,Hayes,paul.hayes@example.com,Tampa,USA
CID054,Caleb,Fisher,caleb.fisher@example.com,Phoenix,USA
CID942,Will,Evans,will.evans@example.com,Glasgow,UK
CID543,Gabe,Scott,gabe.scott@example.com,New York,USA
CID234,Jia,Wang,jia.wang@example.com,Beijing,China
CID037,Kira,Nguyen,kira.nguyen@example.com,Hanoi,Vietnam
CID035,Ines,Silva,ines.silva@example.com,Lisbon,Portugal
CID418,Yara,Fares,yara.fares@example.com,Beirut,Lebanon
CID947,Dawn,Smith,dawn.smith@example.com,Calgary,Canada
CID586,Yusuf,Khan,yusuf.khan@example.com,Karachi,Pakistan
CID729,Yusuf,Khan,yusuf.khan@example.com,Karachi,Pakistan
CID724,Seth,Morgan,seth.morgan@example.com,Boston,USA
CID173,Zahra,Hussain,zahra.hussain@example.com,Baghdad,Iraq
CID130,Ivan,Petrov,ivan.petrov@example.com,Sofia,Bulgaria
CID740,Jada,Peters,jada.peters@example.com,Philadelphia,USA
CID694,Omar,Hassan,omar.hassan@example.com,Cairo,Egypt
CID988,Wendy,Zhao,wendy.zhao@example.com,Shanghai,China
CID806,Faye,Nguyen,faye.nguyen@example.com,Hanoi,Vietnam
CID406,Mike,Zhao,mike.zhao@example.com,Shanghai,China
CID456,Lena,Volkov,lena.volkov@example.com,Saint Petersburg,Russia
CID136,Oliver,King,oliver.king@example.com,London,UK
CID174,Anika,Rao,anika.rao@example.com,Hyderabad,India
CID573,Kira,Nguyen,kira.nguyen@example.com,Hanoi,Vietnam
CID820,Vicky,Patel,vicky.patel@example.com,Ahmedabad,India
CID742,Lena,Volkov,lena.volkov@example.com,Saint Petersburg,Russia
CID432,Mia,Jensen,mia.jensen@example.com,Copenhagen,Denmark
CID771,Ryan,Cook,ryan.cook@example.com,San Antonio,USA
CID901,Elena,Kuznetsova,elena.kuznetsova@example.com,Minsk,Belarus
CID515,Adam,Lopez,adam.lopez@example.com,San Juan,Puerto Rico
CID240,Priya,Reddy,priya.reddy@example.com,Hyderabad,India
CID655,Vera,Schmidt,vera.schmidt@example.com,Zurich,Switzerland
CID071,Viola,Chen,viola.chen@example.com,Singapore,Singapore
CID419,Zane,Harris,zane.harris@example.com,Perth,Australia
CID876,Caleb,Fisher,caleb.fisher@example.com,Phoenix,USA
CID493,Bernard,Jonas,bernard.jonas@example.com,Frankfurt,Germany
CID497,Frank,Russo,frank.russo@example.com,Naples,Italy
CID249,Yasin,Ali,yasin.ali@example.com,Dubai,UAE
CID072,Wade,Allen,wade.allen@example.com,Atlanta,USA
CID199,Zackary,Ross,zackary.ross@example.com,Denver,USA
CID480,Maya,Schultz,maya.schultz@example.com,Hamburg,Germany
CID833,Kenji,Tanaka,kenji.tanaka@example.com,Tokyo,Japan
CID428,Ines,Silva,ines.silva@example.com,Lisbon,Portugal
CID693,Nadia,Ali,nadia.ali@example.com,Dubai,UAE
CID512,Vera,Schmidt,vera.schmidt@example.com,Zurich,Switzerland
CID217,Sienna,Reid,sienna.reid@example.com,Toronto,Canada
CID912,Preston,Hall,preston.hall@example.com,Indianapolis,USA
CID538,Brenda,Jones,brenda.jones@example.com,Dallas,USA
CID880,Grant,Lopez,grant.lopez@example.com,San Diego,USA
CID333,Isla,Davies,isla.davies@example.com,Liverpool,UK
CID758,Elena,Kuznetsova,elena.kuznetsova@example.com,Minsk,Belarus
CID154,Dmitri,Kozlov,dmitri.kozlov@example.com,Novosibirsk,Russia
CID267,Quinn,Lee,quinn.lee@example.com,Toronto,Canada
CID413,Tanya,Petrova,tanya.petrova@example.com,Moscow,Russia
CID437,Ruby,Chandra,ruby.chandra@example.com,Bangkok,Thailand
CID509,Scott,Davis,scott.davis@example.com,Seattle,USA
CID195,Valerie,Wong,valerie.wong@example.com,Hong Kong,China
CID009,Isaac,Dubois,isaac.dubois@example.com,Paris,France
CID706,Alice,Brown,alice.brown@example.com,Bristol,UK
CID870,Vance,Cooper,vance.cooper@example.com,Toronto,Canada
CID392,Wayne,Lee,wayne.lee@example.com,Vancouver,Canada
CID275,Yara,Fares,yara.fares@example.com,Beirut,Lebanon
CID622,Liam,Morgan,liam.morgan@example.com,Charlotte,USA
CID514,Yael,Cohen,yael.cohen@example.com,Tel Aviv,Israel
CID956,Mark,Wilson,mark.wilson@example.com,Sydney,Australia
CID786,Iris,Nielsen,iris.nielsen@example.com,Stockholm,Sweden
CID082,Henry,Baker,henry.baker@example.com,Baltimore,USA
CID984,Samuel,Tanaka,samuel.tanaka@example.com,Tokyo,Japan
CID854,Finn,O,finn.oconnell@example.com,Dublin,Ireland
CID635,April,Huang,april.huang@example.com,Shenzhen,China
CID020,Tanya,Petrova,tanya.petrova@example.com,Moscow,Russia
CID675,Sasha,Ivanov,sasha.ivanov@example.com,Moscow,Russia
CID145,Brenda,Jones,brenda.jones@example.com,Dallas,USA
CID265,Oliver,Morgan,oliver.morgan@example.com,New York,USA
CID773,Troy,Jackson,troy.jackson@example.com,Nashville,USA
CID166,Rania,Saad,rania.saad@example.com,Beirut,Lebanon
CID750,Viola,Chen,viola.chen@example.com,Singapore,Singapore
CID712,Giselle,Rizzo,giselle.rizzo@example.com,Rome,Italy
CID935,Oana,Popa,oana.popa@example.com,Bucharest,Romania
CID590,Caleb,Fisher,caleb.fisher@example.com,Phoenix,USA
CID500,Iris,Nielsen,iris.nielsen@example.com,Stockholm,Sweden
CID155,Evelyn,Ngugi,evelyn.ngugi@example.com,Nairobi,Kenya
CID167,Sebastian,Perez,sebastian.perez@example.com,Caracas,Venezuela
CID615,Elena,Kuznetsova,elena.kuznetsova@example.com,Minsk,Belarus
CID475,Henry,Baker,henry.baker@example.com,Baltimore,USA
CID934,Neil,Carter,neil.carter@example.com,Bristol,UK
CID817,Roger,Clark,roger.clark@example.com,Chicago,USA
CID532,Sasha,Ivanov,sasha.ivanov@example.com,Moscow,Russia
CID933,Mona,Singh,mona.singh@example.com,Pune,India
CID409,Penelope,Jones,penelope.jones@example.com,Auckland,New Zealand
CID628,Ryan,Cook,ryan.cook@example.com,San Antonio,USA
CID952,Ivan,Petrov,ivan.petrov@example.com,Sofia,Bulgaria
CID283,Gina,Rizzo,gina.rizzo@example.com,Rome,Italy
CID412,Samuel,Tanaka,samuel.tanaka@example.com,Tokyo,Japan
CID491,Zachary,Price,zachary.price@example.com,Sacramento,USA
CID563,Alice,Brown,alice.brown@example.com,Bristol,UK
CID985,Tanya,Petrova,tanya.petrova@example.com,Moscow,Russia
CID368,Ulysses,Chow,ulysses.chow@example.com,Hong Kong,China
CID948,Eoin,Kelly,eoin.kelly@example.com,Dublin,Ireland
CID128,George,Brown,george.brown@example.com,Boston,USA
CID692,Mike,Zhao,mike.zhao@example.com,Shanghai,China
CID785,Howard,Perez,howard.perez@example.com,Miami,USA
CID435,Pavel,Kovalenko,pavel.kovalenko@example.com,Kyiv,Ukraine
CID221,Wyatt,Brooks,wyatt.brooks@example.com,Nashville,USA
CID521,George,Brown,george.brown@example.com,Boston,USA
CID496,Evelyn,Chen,evelyn.chen@example.com,Toronto,Canada
CID044,Ruby,Chandra,ruby.chandra@example.com,Bangkok,Thailand
CID666,Ivan,Petrov,ivan.petrov@example.com,Sofia,Bulgaria
CID147,Diana,Wong,diana.wong@example.com,Singapore,Singapore
CID340,Preston,Hall,preston.hall@example.com,Indianapolis,USA
CID158,Hector,Cruz,hector.cruz@example.com,San Salvador,El Salvador
CID990,Yara,Fares,yara.fares@example.com,Beirut,Lebanon
CID778,April,Huang,april.huang@example.com,Shenzhen,China
CID207,Heidi,Wu,heidi.wu@example.com,Taipei,Taiwan
CID262,Laila,Hassan,laila.hassan@example.com,Amman,Jordan
CID634,Zachary,Price,zachary.price@example.com,Sacramento,USA
CID394,Alan,Parker,alan.parker@example.com,Manchester,UK
CID462,Sara,Miller,sara.miller@example.com,Amsterdam,Netherlands
CID859,Kira,Nguyen,kira.nguyen@example.com,Hanoi,Vietnam
CID914,Ryan,Cook,ryan.cook@example.com,San Antonio,USA
CID393,Zara,Cooper,zara.cooper@example.com,Auckland,New Zealand
CID100,Bernard,Jonas,bernard.jonas@example.com,Frankfurt,Germany
CID090,Preston,Hall,preston.hall@example.com,Indianapolis,USA
CID980,Omar,Hassan,omar.hassan@example.com,Cairo,Egypt
CID239,Ophelia,Jones,ophelia.jones@example.com,Cardiff,UK
CID048,Vance,Cooper,vance.cooper@example.com,Toronto,Canada
CID684,Eric,Lopez,eric.lopez@example.com,Miami,USA
CID600,Marcus,Reed,marcus.reed@example.com,Dallas,USA
CID875,Bella,Gonzales,bella.gonzales@example.com,Barcelona,Spain
CID594,Grant,Lopez,grant.lopez@example.com,San Diego,USA
CID860,Leo,Fisher,leo.fisher@example.com,Cape Town,South Africa
CID552,Penelope,Jones,penelope.jones@example.com,Auckland,New Zealand
CID931,Kim,Lee,kim.lee@example.com,Busan,South Korea
CID023,Wendy,Zhao,wendy.zhao@example.com,Shanghai,China
CID109,Kim,Lee,kim.lee@example.com,Busan,South Korea
CID193,Tasha,Miller,tasha.miller@example.com,Calgary,Canada
CID038,Leo,Fisher,leo.fisher@example.com,Cape Town,South Africa
CID568,Finn,O,finn.oconnell@example.com,Dublin,Ireland
CID703,Xavier,Moore,xavier.moore@example.com,Denver,USA
CID441,Vance,Cooper,vance.cooper@example.com,Toronto,Canada
CID058,Grant,Lopez,grant.lopez@example.com,San Diego,USA
CID541,Eric,Lopez,eric.lopez@example.com,Miami,USA
CID734,Dina,Abbas,dina.abbas@example.com,Amman,Jordan
CID362,Neil,Carter,neil.carter@example.com,Bristol,UK
CID855,Giselle,Rizzo,giselle.rizzo@example.com,Rome,Italy
CID857,Ines,Silva,ines.silva@example.com,Lisbon,Portugal
CID472,Elena,Kuznetsova,elena.kuznetsova@example.com,Minsk,Belarus
CID210,Kaelan,Davies,kaelan.davies@example.com,Cardiff,UK
CID892,Tristan,King,tristan.king@example.com,Vancouver,Canada
CID159,Inaara,Haq,inaara.haq@example.com,Lahore,Pakistan
CID277,Amelia,Jones,amelia.jones@example.com,Sydney,Australia
CID839,Quentin,Vance,quentin.vance@example.com,Chicago,USA
CID565,Chloe,Evans,chloe.evans@example.com,Cardiff,UK
CID739,Ian,Walker,ian.walker@example.com,Adelaide,Australia
CID307,Freya,Hansen,freya.hansen@example.com,Oslo,Norway
CID921,April,Huang,april.huang@example.com,Shenzhen,China
CID626,Preston,Hall,preston.hall@example.com,Indianapolis,USA
CID198,Yannick,Lemaire,yannick.lemaire@example.com,Brussels,Belgium
CID458,Nyla,Akhtar,nyla.akhtar@example.com,Dhaka,Bangladesh
CID828,Flora,Kim,flora.kim@example.com,Seoul,South Korea
CID821,Wayne,Lee,wayne.lee@example.com,Vancouver,Canada
CID050,Yusuf,Khan,yusuf.khan@example.com,Karachi,Pakistan
CID273,Warren,Hughes,warren.hughes@example.com,Manchester,UK
CID309,Holly,Chen,holly.chen@example.com,Hong Kong,China
CID061,Jada,Peters,jada.peters@example.com,Philadelphia,USA
CID937,Rhea,Kumar,rhea.kumar@example.com,Hyderabad,India
CID474,Grace,Patel,grace.patel@example.com,Surat,India
CID359,Kim,Lee,kim.lee@example.com,Busan,South Korea
CID247,Will,Davies,will.davies@example.com,Liverpool,UK
CID329,Elena,Kuznetsova,elena.kuznetsova@example.com,Minsk,Belarus
CID464,Viola,Chen,viola.chen@example.com,Singapore,Singapore
CID268,Ronan,Murphy,ronan.murphy@example.com,Dublin,Ireland
CID424,Eliza,Sato,eliza.sato@example.com,Osaka,Japan
CID175,Benito,Maggio,benito.maggio@example.com,Naples,Italy
CID526,Lila,Ross,lila.ross@example.com,Melbourne,Australia
CID866,Ruby,Chandra,ruby.chandra@example.com,Bangkok,Thailand
CID196,Winston,Blake,winston.blake@example.com,Atlanta,USA
CID915,Sofia,Ricci,sofia.ricci@example.com,Milan,Italy
CID882,Ian,Walker,ian.walker@example.com,Adelaide,Australia
CID141,Vicky,Patel,vicky.patel@example.com,Ahmedabad,India
CID689,Jasmine,Fernandez,jasmine.fernandez@example.com,Madrid,Spain
CID910,Nolan,Stone,nolan.stone@example.com,Brisbane,Australia
CID229,Emir,Hassan,emir.hassan@example.com,Istanbul,Turkey
CID182,Inez,Silva,inez.silva@example.com,Lisbon,Portugal
CID903,Grace,Patel,grace.patel@example.com,Surat,India
CID400,Gabe,Scott,gabe.scott@example.com,New York,USA
CID059,Holly,Chen,holly.chen@example.com,Hong Kong,China
CID294,Ruby,Chandra,ruby.chandra@example.com,Bangkok,Thailand
CID204,Elias,Hasan,elias.hasan@example.com,Cairo,Egypt
CID068,Raj,Verma,raj.verma@example.com,Delhi,India
CID542,Flora,Kim,flora.kim@example.com,Seoul,South Korea
CID862,Noah,Zimmermann,noah.zimmermann@example.com,Vienna,Austria
CID816,Pia,Jensen,pia.jensen@example.com,Copenhagen,Denmark
CID479,Liam,Morgan,liam.morgan@example.com,Charlotte,USA
CID894,Wade,Allen,wade.allen@example.com,Atlanta,USA
CID373,Beth,Garcia,beth.garcia@example.com,Barcelona,Spain
CID390,Tom,Harris,tom.harris@example.com,San Francisco,USA
CID633,Yasmin,Ahmed,yasmin.ahmed@example.com,Riyadh,Saudi Arabia
CID938,Scott,Davis,scott.davis@example.com,Seattle,USA
CID846,Xavier,Moore,xavier.moore@example.com,Denver,USA
CID869,Uma,Singh,uma.singh@example.com,Kolkata,India
CID907,Katelyn,Rivas,katelyn.rivas@example.com,Bogotá,Colombia
CID723,Ruby,Chandra,ruby.chandra@example.com,Bangkok,Thailand
CID301,Zoe,Taylor,zoe.taylor@example.com,Houston,USA
CID191,Rosie,White,rosie.white@example.com,Birmingham,UK
CID292,Pavel,Kovalenko,pavel.kovalenko@example.com,Kyiv,Ukraine
CID913,Queenie,Sharma,queenie.sharma@example.com,Jaipur,India
CID086,Liam,Morgan,liam.morgan@example.com,Charlotte,USA
CID502,Kim,Lee,kim.lee@example.com,Busan,South Korea
CID120,Will,Evans,will.evans@example.com,Glasgow,UK
CID046,Tess,Rossi,tess.rossi@example.com,Florence,Italy
CID994,Chloe,Evans,chloe.evans@example.com,Cardiff,UK
CID005,Ethan,Kim,ethan.kim@example.com,Seoul,South Korea
CID344,Troy,Jackson,troy.jackson@example.com,Nashville,USA
CID030,Devin,Patel,devin.patel@example.com,Ahmedabad,India
CID113,Oana,Popa,oana.popa@example.com,Bucharest,Romania
CID006,Fiona,Muller,fiona.muller@example.com,Berlin,Germany
CID609,Yvonne,Jansen,yvonne.jansen@example.com,Brussels,Belgium
CID770,Queenie,Sharma,queenie.sharma@example.com,Jaipur,India
CID886,Marcus,Reed,marcus.reed@example.com,Dallas,USA
CID767,Nolan,Stone,nolan.stone@example.com,Brisbane,Australia
CID818,Sasha,Ivanov,sasha.ivanov@example.com,Moscow,Russia
CID075,Amelia,Scott,amelia.scott@example.com,Portland,USA
CID161,Kira,Vasiliev,kira.vasiliev@example.com,Minsk,Belarus
CID779,Bernard,Jonas,bernard.jonas@example.com,Frankfurt,Germany
CID647,Mona,Singh,mona.singh@example.com,Pune,India
CID092,Ryan,Cook,ryan.cook@example.com,San Antonio,USA
CID016,Penelope,Jones,penelope.jones@example.com,Auckland,New Zealand
CID469,Brandon,Taylor,brandon.taylor@example.com,Birmingham,UK
CID355,Gina,Sharma,gina.sharma@example.com,Chennai,India
CID745,Owen,Bell,owen.bell@example.com,Glasgow,UK
CID733,Caleb,Fisher,caleb.fisher@example.com,Phoenix,USA
CID422,Chloe,Evans,chloe.evans@example.com,Cardiff,UK
CID983,Rachel,Lee,rachel.lee@example.com,Taipei,Taiwan
CID851,Chloe,Evans,chloe.evans@example.com,Cardiff,UK
CID661,Dawn,Smith,dawn.smith@example.com,Calgary,Canada
CID334,Jacob,Moreau,jacob.moreau@example.com,Montreal,Canada
CID686,Gabe,Scott,gabe.scott@example.com,New York,USA
CID200,Anya,Gupta,anya.gupta@example.com,Bangalore,India
CID305,Dina,Abbas,dina.abbas@example.com,Amman,Jordan
CID483,Preston,Hall,preston.hall@example.com,Indianapolis,USA
CID286,Jacob,Moreau,jacob.moreau@example.com,Paris,France
CID822,Zara,Cooper,zara.cooper@example.com,Auckland,New Zealand
CID696,Quentin,Vance,quentin.vance@example.com,Chicago,USA
CID445,Aaron,Wright,aaron.wright@example.com,Edinburgh,UK
CID179,Fidel,Castro,fidel.castro@example.com,Havana,Cuba
CID013,Miguel,Gomez,miguel.gomez@example.com,Mexico City,Mexico
CID415,Victor,Cruz,victor.cruz@example.com,Manila,Philippines
CID598,Kai,Suzuki,kai.suzuki@example.com,Kyoto,Japan
CID385,Nina,Gupta,nina.gupta@example.com,Bangalore,India
CID314,Marcus,Reed,marcus.reed@example.com,Dallas,USA
CID206,Gino,Marino,gino.marino@example.com,Rome,Italy
CID751,Wade,Allen,wade.allen@example.com,Atlanta,USA
CID511,Ulysses,Chow,ulysses.chow@example.com,Hong Kong,China
CID759,Felix,Zhou,felix.zhou@example.com,Chengdu,China
CID121,Yael,Cohen,yael.cohen@example.com,Tel Aviv,Israel
CID836,Nadia,Ali,nadia.ali@example.com,Dubai,UAE
CID447,Caleb,Fisher,caleb.fisher@example.com,Phoenix,USA
CID638,David,Ng,david.ng@example.com,Perth,Australia
CID194,Ulrich,Schulz,ulrich.schulz@example.com,Frankfurt,Germany
CID884,Kai,Suzuki,kai.suzuki@example.com,Kyoto,Japan
CID251,Aiden,Carter,aiden.carter@example.com,Boston,USA
CID471,Derek,White,derek.white@example.com,Las Vegas,USA
CID797,Ulysses,Chow,ulysses.chow@example.com,Hong Kong,China
CID351,Cathy,White,cathy.white@example.com,Liverpool,UK
CID709,Devin,Patel,devin.patel@example.com,Ahmedabad,India
CID133,Lila,Ross,lila.ross@example.com,Melbourne,Australia
CID244,Tara,Evans,tara.evans@example.com,San Diego,USA
CID052,Aaron,Wright,aaron.wright@example.com,Edinburgh,UK
CID583,Uma,Singh,uma.singh@example.com,Kolkata,India
CID473,Felix,Zhou,felix.zhou@example.com,Chengdu,China
CID438,Seth,Morgan,seth.morgan@example.com,Boston,USA
CID520,Faye,Nguyen,faye.nguyen@example.com,Hanoi,Vietnam
CID722,Quinn,Harper,quinn.harper@example.com,San Francisco,USA
CID976,Kenji,Tanaka,kenji.tanaka@example.com,Tokyo,Japan
CID282,Finn,Olsen,finn.olsen@example.com,Oslo,Norway
CID927,Gina,Sharma,gina.sharma@example.com,Chennai,India
CID255,Emilio,Cruz,emilio.cruz@example.com,Santiago,Chile
CID148,Eric,Lopez,eric.lopez@example.com,Miami,USA
CID423,Devin,Patel,devin.patel@example.com,Ahmedabad,India
CID346,Wesley,Grant,wesley.grant@example.com,Leeds,UK
CID446,Bella,Gonzales,bella.gonzales@example.com,Barcelona,Spain
CID169,Umar,Ghani,umar.ghani@example.com,Dhaka,Bangladesh
CID669,Lila,Ross,lila.ross@example.com,Melbourne,Australia
CID776,Yasmin,Ahmed,yasmin.ahmed@example.com,Riyadh,Saudi Arabia
CID436,Quinn,Harper,quinn.harper@example.com,San Francisco,USA
CID184,Katrina,Vogel,katrina.vogel@example.com,Munich,Germany
CID461,Raj,Verma,raj.verma@example.com,Delhi,India
CID211,Lana,Vega,lana.vega@example.com,Madrid,Spain
CID236,Lucia,Rizzo,lucia.rizzo@example.com,Milan,Italy
CID663,Faye,Nguyen,faye.nguyen@example.com,Hanoi,Vietnam
CID408,Omar,Hassan,omar.hassan@example.com,Cairo,Egypt
CID644,Jeremy,Fox,jeremy.fox@example.com,Phoenix,USA
CID691,Lara,Peters,lara.peters@example.com,London,UK
CID074,Zack,Nguyen,zack.nguyen@example.com,Ho Chi Minh City,Vietnam
CID764,Katelyn,Rivas,katelyn.rivas@example.com,Bogotá,Colombia
CID454,Jada,Peters,jada.peters@example.com,Philadelphia,USA
CID961,Sasha,Ivanov,sasha.ivanov@example.com,Moscow,Russia
CID928,Howard,Perez,howard.perez@example.com,Miami,USA
CID364,Paul,Hayes,paul.hayes@example.com,Tampa,USA
CID908,Liam,Morgan,liam.morgan@example.com,Charlotte,USA
CID873,Zoe,Taylor,zoe.taylor@example.com,Houston,USA
CID889,Piper,Gomez,piper.gomez@example.com,Lima,Peru
CID321,Viola,Chen,viola.chen@example.com,Singapore,Singapore
CID115,Rhea,Kumar,rhea.kumar@example.com,Hyderabad,India
CID007,Gabriel,Santos,gabriel.santos@example.com,Rio de Janeiro,Brazil
CID042,Pavel,Kovalenko,pavel.kovalenko@example.com,Kyiv,Ukraine
CID366,Scott,Davis,scott.davis@example.com,Seattle,USA
CID865,Quinn,Harper,quinn.harper@example.com,San Francisco,USA
CID808,Helen,Wang,helen.wang@example.com,Taipei,Taiwan
CID558,Victor,Cruz,victor.cruz@example.com,Manila,Philippines
CID190,Qais,Ahmed,qais.ahmed@example.com,Doha,Qatar
CID395,Brenda,Jones,brenda.jones@example.com,Dallas,USA
CID519,Eoin,Kelly,eoin.kelly@example.com,Dublin,Ireland
CID041,Olive,Evans,olive.evans@example.com,Manchester,UK
CID506,Oana,Popa,oana.popa@example.com,Bucharest,Romania
CID339,Olivia,Fernandez,olivia.fernandez@example.com,Seville,Spain
CID002,Bhavna,Singh,bhavna.singh@example.com,Mumbai,India
CID804,Dawn,Smith,dawn.smith@example.com,Calgary,Canada
CID783,Frank,Russo,frank.russo@example.com,Naples,Italy
CID347,Yasmin,Ahmed,yasmin.ahmed@example.com,Riyadh,Saudi Arabia
CID523,Ivan,Petrov,ivan.petrov@example.com,Sofia,Bulgaria
CID989,Xavier,Moore,xavier.moore@example.com,Denver,USA
CID708,Chloe,Evans,chloe.evans@example.com,Cardiff,UK
CID022,Victor,Cruz,victor.cruz@example.com,Manila,Philippines
CID971,Flora,Kim,flora.kim@example.com,Seoul,South Korea
CID608,Wade,Allen,wade.allen@example.com,Atlanta,USA
CID208,Ibrahim,Diallo,ibrahim.diallo@example.com,Dakar,Senegal
CID201,Bao,Tran,bao.tran@example.com,Ho Chi Minh City,Vietnam
CID637,Cathy,White,cathy.white@example.com,Liverpool,UK
CID024,Xavier,Moore,xavier.moore@example.com,Denver,USA
CID411,Rachel,Lee,rachel.lee@example.com,Taipei,Taiwan
CID575,Mia,Jensen,mia.jensen@example.com,Copenhagen,Denmark
CID809,Ivan,Petrov,ivan.petrov@example.com,Sofia,Bulgaria
CID108,Jeremy,Fox,jeremy.fox@example.com,Phoenix,USA
CID621,Katelyn,Rivas,katelyn.rivas@example.com,Bogotá,Colombia
CID949,Faye,Nguyen,faye.nguyen@example.com,Hanoi,Vietnam
CID008,Hannah,Wong,hannah.wong@example.com,Sydney,Australia
CID614,Derek,White,derek.white@example.com,Las Vegas,USA
CID969,Diana,Wong,diana.wong@example.com,Singapore,Singapore
CID772,Sofia,Ricci,sofia.ricci@example.com,Milan,Italy
CID192,Samir,Jain,samir.jain@example.com,Pune,India
CID616,Felix,Zhou,felix.zhou@example.com,Chengdu,China
CID478,Katelyn,Rivas,katelyn.rivas@example.com,Bogotá,Colombia
CID484,Queenie,Sharma,queenie.sharma@example.com,Jaipur,India
CID219,Umair,Khan,umair.khan@example.com,Karachi,Pakistan
CID488,Vivian,Lam,vivian.lam@example.com,Kuala Lumpur,Malaysia
CID932,Leon,Morris,leon.morris@example.com,Denver,USA
CID688,Igor,Smirnov,igor.smirnov@example.com,Moscow,Russia
CID676,Tom,Harris,tom.harris@example.com,San Francisco,USA
CID176,Clara,Fernandez,clara.fernandez@example.com,Seville,Spain
CID467,Zack,Nguyen,zack.nguyen@example.com,Ho Chi Minh City,Vietnam
CID659,Beth,Garcia,beth.garcia@example.com,Barcelona,Spain
CID858,Jake,Miller,jake.miller@example.com,Miami,USA
CID261,Kai,Nguyen,kai.nguyen@example.com,Hanoi,Vietnam
CID489,Wesley,Grant,wesley.grant@example.com,Leeds,UK
CID612,Brandon,Taylor,brandon.taylor@example.com,Birmingham,UK
CID284,Henry,Wang,henry.wang@example.com,Shanghai,China
CID555,Samuel,Tanaka,samuel.tanaka@example.com,Tokyo,Japan
CID290,Noah,Zimmermann,noah.zimmermann@example.com,Vienna,Austria
CID032,Finn,O,finn.oconnell@example.com,Dublin,Ireland
CID725,Tess,Rossi,tess.rossi@example.com,Florence,Italy
CID557,Ursula,Weber,ursula.weber@example.com,Zurich,Switzerland
CID868,Tess,Rossi,tess.rossi@example.com,Florence,Italy
CID749,Tristan,King,tristan.king@example.com,Vancouver,Canada
CID793,Paul,Hayes,paul.hayes@example.com,Tampa,USA
CID605,Sara,Miller,sara.miller@example.com,Amsterdam,Netherlands
CID905,Isla,Davies,isla.davies@example.com,Liverpool,UK
CID019,Samuel,Tanaka,samuel.tanaka@example.com,Tokyo,Japan
CID129,Helen,Wang,helen.wang@example.com,Taipei,Taiwan
CID317,Piper,Gomez,piper.gomez@example.com,Lima,Peru
CID306,Elias,Mendes,elias.mendes@example.com,São Paulo,Brazil
CID944,Adam,Lopez,adam.lopez@example.com,San Juan,Puerto Rico
CID667,Jana,Novak,jana.novak@example.com,Prague,Czechia
CID596,Ian,Walker,ian.walker@example.com,Adelaide,Australia
CID556,Tanya,Petrova,tanya.petrova@example.com,Moscow,Russia
CID178,Elara,Mani,elara.mani@example.com,Singapore,Singapore
CID853,Eliza,Sato,eliza.sato@example.com,Osaka,Japan
